<?xml version="1.0" encoding="UTF-8"?>
<!DOCTYPE hibernate-mapping PUBLIC "-//Hibernate/Hibernate Mapping DTD 3.0//EN" "http://hibernate.sourceforge.net/hibernate-mapping-3.0.dtd">
<hibernate-mapping>
  <class name="tables.Film" table="film">
  
  <id name="id" type="integer">
      <column name="id_film"/>
      <generator class="identity"/>
    </id>
    <property name="name" type="string">
      <column length="255" name="name" not-null="true"/>
    </property>
    <property name="year" type="short">
      <column name="F_YEAR" not-null="true"/>
    </property>
    <property name="tagline" type="string">
      <column length="255" name="tagline"/>
    </property>
    <property name="description" type="string">
      <column length="4000" name="description"/>
    </property>
    <property name="budget" type="integer">
        <column length="20" name="budget"/>
    </property>
    <property name="premiere" type="date">
        <column name="premiere"/>
    </property>
    <property name="ageRestrict" type="integer">
        <column length="20" name="age_restrict" not-null="true"/>
    </property>
     <property name="mpaa" type="integer">
        <column length="20" name="mpaa" not-null="true"/>
    </property>
    <property name="duration" type="integer">
        <column length="20" name="duration" not-null="true"/>
    </property>
    <property name="sequel" type="integer">
        <column length="20" name="sequel"/>
    </property>
    <property name="prequel" type="integer">
        <column length="20" name="prequel"/>
    </property>
    <property name="stageDirector" type="integer">
        <column length="20" name="stage_director"/>
    </property>
    <property name="cinemacompany" type="integer">
        <column length="20" name="cinamecompany"/>
    </property>
    <property name="rating" type="float">
        <column name="RATING"/>
    </property>
  </class>
</hibernate-mapping>
