<?xml version="1.0" encoding="UTF-8"?>
<!DOCTYPE hibernate-mapping PUBLIC "-//Hibernate/Hibernate Mapping DTD 3.0//EN" "http://hibernate.sourceforge.net/hibernate-mapping-3.0.dtd">
<hibernate-mapping>
  <class name="tables.LinkRoleAward" table="link_role_award">
      
    <id name="id" type="integer">
      <column name="id_aa"/>
      <generator class="identity"/>
    </id>
    <property name="role" type="integer">
      <column name="role" not-null="true"/>
    </property>
    <property name="award" type="integer">
      <column name="award" not-null="true"/>
    </property>
    <property name="date" type="date">
      <column name="DATE" not-null="true"/>
    </property>
  </class>
</hibernate-mapping>
