<?xml version="1.0" encoding="UTF-8"?>
<!DOCTYPE hibernate-mapping PUBLIC "-//Hibernate/Hibernate Mapping DTD 3.0//EN" "http://hibernate.sourceforge.net/hibernate-mapping-3.0.dtd">
<hibernate-mapping>
  <class name="tables.LinkAwardFilm" table="LINK_AWARD_FILM">
    <id name="id" type="integer">
      <column name="id_af"/>
      <generator class="identity"/>
    </id>
    <property name="film" type="integer">
      <column name="film" not-null="true"/>
    </property>
    <property name="award" type="integer">
      <column name="award" not-null="true"/>
    </property>
  </class>
</hibernate-mapping>
