<?xml version="1.0" encoding="UTF-8"?>
<!DOCTYPE hibernate-mapping PUBLIC "-//Hibernate/Hibernate Mapping DTD 3.0//EN" "http://hibernate.sourceforge.net/hibernate-mapping-3.0.dtd">
<hibernate-mapping>
  <class name="tables.Sessions" table="SESSION1">
    <id name="id" type="integer">
      <column name="ID_SESSION"/>
      <generator class="identity"/>
    </id>
    <property name="film" type="integer">
      <column length="20" name="FILM" not-null="true"/>
    </property>
    <property name="cinema" type="integer">
      <column length="20" name="CINEMA" not-null="true"/>
    </property>
    <property name="date" type="date">
      <column name="DATE1" not-null="true"/>
    </property>
  </class>
</hibernate-mapping>
