<?xml version="1.0" encoding="UTF-8"?>
<!DOCTYPE hibernate-mapping PUBLIC "-//Hibernate/Hibernate Mapping DTD 3.0//EN" "http://hibernate.sourceforge.net/hibernate-mapping-3.0.dtd">
<hibernate-mapping>
  <class name="tables.StageDirector" table="stage_director">
        <id name="id" type="integer">
      <column name="id_director"/>
      <generator class="identity"/>
    </id>
    <property name="name" type="string">
      <column length="255" name="name" not-null="true"/>
    </property>
    <property name="birthdate" type="date">
      <column name="birthdate" not-null="true"/>
    </property>
        
    </class>
</hibernate-mapping>
