<?xml version="1.0" encoding="UTF-8"?>
<!DOCTYPE hibernate-mapping PUBLIC "-//Hibernate/Hibernate Mapping DTD 3.0//EN" "http://hibernate.sourceforge.net/hibernate-mapping-3.0.dtd">
<hibernate-mapping>
  <class name="tables.TicketsSold" table="TICKETS_SOLD">
      
       <id name="id" type="integer">
      <column name="ID_TICKETS"/>
      <generator class="identity"/>
    </id>
    <property name="price" type="integer">
      <column length="20" name="PRICE" not-null="true"/>
    </property>
    <property name="session" type="integer">
      <column length="20" name="SESSION1" not-null="true"/>
    </property>
  </class>
</hibernate-mapping>
