<?xml version="1.0" encoding="UTF-8"?>
<!DOCTYPE hibernate-reverse-engineering PUBLIC "-//Hibernate/Hibernate Reverse Engineering DTD 3.0//EN" "http://hibernate.sourceforge.net/hibernate-reverse-engineering-3.0.dtd">
<hibernate-reverse-engineering>
  <schema-selection/>
  <table-filter match-name="producer"/>
  <table-filter match-name="SESSION"/>
  <table-filter match-name="TICKETS_SOLD"/>
  <table-filter match-name="award"/>
  <table-filter match-name="CINEMA"/>
  <table-filter match-name="link_award_film"/>
  <table-filter match-name="CINEMACOMPANY"/>
  <table-filter match-name="link_film_actor"/>
  <table-filter match-name="actor"/>
  <table-filter match-name="link_film_genre"/>
  <table-filter match-name="MPAA_rating"/>
  <table-filter match-name="link_role_award"/>
  <table-filter match-name="country"/>
  <table-filter match-name="user"/>
  <table-filter match-name="film"/>
  <table-filter match-name="age_restriction"/>
  <table-filter match-name="genre"/>
  <table-filter match-name="rating"/>
  <table-filter match-name="stage_director"/>
  <table-filter match-name="link_film_producer"/>
  <table-filter match-name="link_film_contry"/>
</hibernate-reverse-engineering>
