<?xml version="1.0" encoding="UTF-8"?>
<project-private xmlns="http://www.netbeans.org/ns/project-private/1">
    <editor-bookmarks xmlns="http://www.netbeans.org/ns/editor-bookmarks/2" lastBookmarkId="0"/>
    <open-files xmlns="http://www.netbeans.org/ns/projectui-open-files/2">
        <group>
            <file>file:/C:/Users/user/Desktop/dbClient/src/hibernate.hbm.xml</file>
            <file>file:/C:/Users/user/Desktop/dbClient/src/HibernateUtil.java</file>
            <file>file:/C:/Users/user/Desktop/dbClient/src/tables/TicketsSold.java</file>
            <file>file:/C:/Users/user/Desktop/dbClient/src/tables/link_award_film.hbm.xml</file>
            <file>file:/C:/Users/user/Desktop/dbClient/src/tables/Sessions.java</file>
            <file>file:/C:/Users/user/Desktop/dbClient/src/tables/LinkRoleAward.java</file>
            <file>file:/C:/Users/user/Desktop/dbClient/src/tables/actor.hbm.xml</file>
            <file>file:/C:/Users/user/Desktop/dbClient/src/FilmsDatabase.java</file>
            <file>file:/C:/Users/user/Desktop/dbClient/src/tables/Actor.java</file>
            <file>file:/C:/Users/user/Desktop/dbClient/src/tables/award.hbm.xml</file>
            <file>file:/C:/Users/user/Desktop/dbClient/src/Tables.java</file>
            <file>file:/C:/Users/user/Desktop/dbClient/src/tables/Award.java</file>
            <file>file:/C:/Users/user/Desktop/dbClient/src/tables/Film.java</file>
            <file>file:/C:/Users/user/Desktop/dbClient/src/hibernate.cfg.xml</file>
            <file>file:/C:/Users/user/Desktop/dbClient/src/hibernate.reveng.xml</file>
        </group>
    </open-files>
</project-private>
