<?xml version="1.0" encoding="UTF-8"?>
<!DOCTYPE hibernate-reverse-engineering PUBLIC "-//Hibernate/Hibernate Reverse Engineering DTD 3.0//EN" "http://hibernate.sourceforge.net/hibernate-reverse-engineering-3.0.dtd">
<hibernate-reverse-engineering>
  <schema-selection/>
  <table-filter match-name="FILM"/> 
  <table-filter match-name="ACTOR"/>
  <table-filter match-name="LINK_FILM_ACTOR"/>
  <table-filter match-name="STAGE_DIRECTOR"/>
  <table-filter match-name="AWARD"/>
  <table-filter match-name="LINK_AWARD_FILM"/>
  <table-filter match-name="LINK_ROLE_AWARD"/>
  <table-filter match-name="TICKETS_SOLD"/>
  <table-filter match-name="SESSION1"/>
  
</hibernate-reverse-engineering>
