<?xml version="1.0" encoding="UTF-8"?>
<!DOCTYPE hibernate-configuration PUBLIC "-//Hibernate/Hibernate Configuration DTD 3.0//EN" "http://hibernate.sourceforge.net/hibernate-configuration-3.0.dtd">
<hibernate-configuration>
  <session-factory>
    <property name="hibernate.dialect">org.hibernate.dialect.FirebirdDialect</property>
    <property name="hibernate.connection.driver_class">org.firebirdsql.jdbc.FBDriver</property>
    <property name="hibernate.connection.url">jdbc:firebirdsql://localhost:3050/D:/IT/LABS/films.fdb</property>
    <property name="hibernate.connection.username">SYSDBA</property>
    <property name="hibernate.connection.password">masterkey</property>
    <property name="hibernate.show_sql">true</property>
    <property name="connection.characterEncoding">cp1251</property>
    <mapping resource="hibernate.hbm.xml"/>
    <mapping resource="tables/tickets_sold.hbm.xml"/>
    <mapping resource="tables/award.hbm.xml"/>
    <mapping resource="tables/session.hbm.xml"/>
    <mapping resource="tables/film.hbm.xml"/>
    <mapping resource="tables/actor.hbm.xml"/>
    <mapping resource="tables/stage_director.hbm.xml"/>
    <mapping resource="tables/link_film_actor.hbm.xml"/>
    <mapping resource="tables/link_role_award.hbm.xml"/>
    <mapping resource="tables/link_award_film.hbm.xml"/>
  </session-factory>
</hibernate-configuration>
